프리스트(남),스매셔,1
프리스트(남),퀵 스탠딩,1
프리스트(남),공참타,1
프리스트(남),백스텝,1
프리스트(남),슬로우 힐,5
프리스트(남),럭키 스트레이트,5
프리스트(남),스트라이킹,5
프리스트(남),큐어,10
프리스트(남),분노의 움켜쥠,10
프리스트(남),지혜의 축복,15
프리스트(남),순백의 칼날,15
프리스트(남),승리의 창,20
프리스트(남),천상의 멜로디,20
프리스트(남),패스트 힐,25
프리스트(남),신성한 빛,25
프리스트(남),보호의 징표,25
프리스트(남),디플렉트 월,30
프리스트(남),영광의 축복,30
프리스트(남),참회의 망치,40
프리스트(남),생명의 원천,40
프리스트(남),정의의 심판,45
프리스트(남),아포칼립스,50
프리스트(남),디바인 플래쉬,75
프리스트(남),홀리 생츄어리,75
프리스트(남),썬더 해머 : 유피테르,80
프리스트(남),디바인 퍼니쉬먼트,85
프리스트(남),잠재 능력,1
프리스트(남),신의 은총,1
프리스트(남),크루세이더의 판금 갑옷 마스터리,1
프리스트(남),기본기 숙련,1
프리스트(남),기초 방어구 마스터리,1
프리스트(남),수호의 은총,15
프리스트(남),컨버전,20
프리스트(남),천상의 하모니,35
프리스트(남),신념의 오라,48
프리스트(남),큐어 강화,50
프리스트(남),슬로우 힐 강화,50
프리스트(남),승리의 창 강화,55
프리스트(남),스트라이킹 강화,55
프리스트(남),지혜의 축복 강화,55
프리스트(남),보호의 징표 강화,55
프리스트(남),참회의 망치 강화,65
프리스트(여),홀리 스매쉬,1
프리스트(여),퀵 스탠딩,1
프리스트(여),라이징 슬래쉬,1
프리스트(여),백스텝,1
프리스트(여),무거운 죄업,10
프리스트(여),듀얼 슬래쉬,15
프리스트(여),컷 인 대쉬,15
프리스트(여),일곱개의 대죄,20
프리스트(여),길로틴,20
프리스트(여),러스트 핸드,20
프리스트(여),프라이드 악셀,25
프리스트(여),롤링 러쉬,30
프리스트(여),슬로스 바디,30
프리스트(여),그리드 더 러커,35
프리스트(여),사이드 매서커,40
프리스트(여),스커드 더 라스,45
프리스트(여),타락의 칠죄종,50
프리스트(여),엔비어스 키스,60
프리스트(여),글러트니 바밋,70
프리스트(여),세컨드 소울,75
프리스트(여),서드 립,80
프리스트(여),라스트 제네시스,85
프리스트(여),기본기 숙련,1
프리스트(여),기초 방어구 마스터리,1
프리스트(여),미스트리스의 중갑 마스터리,1
프리스트(여),잠재 능력,1
프리스트(여),짊어진 자의 낫 마스터리,15
프리스트(여),죄업에 짓눌린 육신,15
프리스트(여),컨버전,20
프리스트(여),마법 크리티컬 히트,20
프리스트(여),마법 백 어택,20
프리스트(여),죄를 고하는자,48
프리스트(여),무거운 죄업 강화,50
프리스트(여),슬로스 바디 강화,50
프리스트(여),사이드 매서커 강화,50
프리스트(여),스커드 더 라스 강화,50
프리스트(여),타락의 칠죄종 강화,50
프리스트(여),프라이드 악셀 강화,50
프리스트(여),퍼스트 프라나 : 금단의 결정체,75
프리스트(여),강습,5
프리스트(여),무기 막기,10
프리스트(여),플레게의 화염병,15
프리스트(여),플레게의 정수,20
프리스트(여),징벌의 일격,20
프리스트(여),성화,25
프리스트(여),광적인 믿음,25
프리스트(여),심판의 일격,30
프리스트(여),세례의 불길,35
프리스트(여),즉결심판,35
프리스트(여),고결한 격노,40
프리스트(여),참수,45
프리스트(여),화형,50
프리스트(여),업화의 소용돌이,60
프리스트(여),정화의 불꽃,70
프리스트(여),신벌,75
프리스트(여),차륜형,80
프리스트(여),불지옥,85
프리스트(여),이단심판관의 중갑 마스터리,1
프리스트(여),심판관의 전투술,15
프리스트(여),배틀액스 마스터리,20
프리스트(여),물리 크리티컬 히트,20
프리스트(여),정수 뿌리기,30
프리스트(여),이단의 낙인,48
프리스트(여),플레게의 화염병 강화,50
프리스트(여),플레게의 정수 강화,50
프리스트(여),성화 강화,50
프리스트(여),심판의 일격 강화,50
프리스트(여),기본기 숙련 강화,50
프리스트(여),세례의 불길 강화,65
프리스트(여),세큐리스 말레피카룸,75
거너(여),퀵 스탠딩,1
거너(여),라이징샷,1
거너(여),마릴린 로즈,1
거너(여),백스텝,1
거너(여),RX-78 랜드러너,5
거너(여),M-137 개틀링건,5
거너(여),스프리건,10
거너(여),바베~큐,10
거너(여),공중사격,10
거너(여),G-14 파열류탄,15
거너(여),특성탄,15
거너(여),오버 차지,15
거너(여),M18 클레이모어,20
거너(여),교차 사격,25
거너(여),G-35L 섬광류탄,25
거너(여),관통탄,30
거너(여),폭발탄,30
거너(여),G-18C 빙결류탄,30
거너(여),C4,35
거너(여),버스터 샷,35
거너(여),네이팜 탄,40
거너(여),기본기 숙련,1
거너(여),기초 방어구 마스터리,1
거너(여),스핏파이어의 가죽 갑옷 마스터리,1
거너(여),잠재 능력,1
거너(여),니트로 모터,15
거너(여),컨버전,20
거너(여),강화탄,20
거너(여),병기 숙련,20
거너(여),유탄 마스터리,20
격투가(여),해머 킥,1
격투가(여),무즈 어퍼,1
격투가(여),퀵 스탠딩,1
격투가(여),백스텝,1
격투가(여),수플렉스,5
격투가(여),헬터 스켈터,10
격투가(여),공중 밟기,10
격투가(여),반드시 잡는다!,15
격투가(여),로플링,15
격투가(여),넥 스냅,20
격투가(여),체인 커넥션,20
격투가(여),숄더 태클,25
격투가(여),브레이킹 엘보,30
격투가(여),질풍각,30
격투가(여),에어슈타이너,30
격투가(여),스파이어,35
격투가(여),수플렉스 싸이클론,40
격투가(여),와일드 캐넌 스파이크,45
격투가(여),기간틱 타이푼,50
격투가(여),잠재 능력,1
격투가(여),그래플러의 경갑 마스터리,1
격투가(여),기초 방어구 마스터리,1
격투가(여),기본기 숙련,1
격투가(여),철금강,10
격투가(여),강렬한 테이크 다운,15
격투가(여),그랩 캐넌,15
격투가(여),슬라이딩 그랩,15
격투가(여),컨버전,20
격투가(여),파워 슬램,20
격투가(여),그래플링 테크닉,35
격투가(여),옷깃 잡기,48
마법사(여),백스텝,1
마법사(여),천격,1
마법사(여),매직 미사일,1
마법사(여),계약소환 : 기갑 호도르,5
마법사(여),오라 실드,5
마법사(여),플루토,10
마법사(여),하급 정령 소환,15
마법사(여),정령소환 : 아도르,15
마법사(여),정령소환 : 나이아스,15
마법사(여),정령소환 : 스토커,15
마법사(여),정령소환 : 위스프,15
마법사(여),계약소환 : 정복자 카시야스,50
마법사(여),기본기 숙련,1
마법사(여),기초 방어구 마스터리,1
마법사(여),소환사의 천 갑옷 마스터리,1
마법사(여),잠재 능력,1
마법사(여),환수 강화 오라,15
마법사(여),컨버전,20
마법사(여),스피릿 본드,48
귀검사(남),백스텝,1
귀검사(남),퀵 스탠딩,1
귀검사(남),귀참,1
귀검사(남),어퍼 슬래쉬,1
귀검사(남),공중 연속 베기,5
귀검사(남),카잔,5
귀검사(남),붕산격,10
귀검사(남),열파참,10
귀검사(남),몽롱한 눈의 브레멘,15
귀검사(남),달의 커튼,15
귀검사(남),잔영의 케이가,20
귀검사(남),소멸의 의식,20
귀검사(남),귀검편,30
귀검사(남),냉기의 사야,30
귀검사(남),툼스톤,35
귀검사(남),역병의 라사,35
귀검사(남),귀영섬,40
귀검사(남),귀참 : 광폭,40
귀검사(남),흑염의 칼라,45
귀검사(남),흑염검,45
귀검사(남),제 7의 귀신 : 광폭의 블라슈,50
귀검사(남),툼스톤 트라이앵글,70
귀검사(남),블레이드 팬텀,75
귀검사(남),검귀강령 : 식,80
귀검사(남),지그 강림,85
귀검사(남),소울브링어의 천 갑옷 마스터리,1
귀검사(남),잠재 능력,1
귀검사(남),기본기 숙련,1
귀검사(남),기초 방어구 마스터리,1
귀검사(남),사슬 해제,15
귀검사(남),도 마스터리,15
귀검사(남),어둠의 친화,18
귀검사(남),컨버전,20
귀검사(남),귀백 해방,20
귀검사(남),마법 크리티컬 히트,20
귀검사(남),귀참 드라이브,25
귀검사(남),칠흑의 공포,48
귀검사(남),카잔 강화,50
귀검사(남),기본기 숙련 강화,50
귀검사(남),몽롱한 눈의 브레멘 강화,55
귀검사(남),귀검편 강화,55
귀검사(남),잔영의 케이가 강화,55
귀검사(남),툼스톤 강화,65
귀검사(남),귀영섬 강화,65
귀검사(남),팬텀 마스터리,75
귀검사(여),암흑참,1
귀검사(여),퀵 스탠딩,1
귀검사(여),백스텝,1
귀검사(여),승천검,1
귀검사(여),검막,5
귀검사(여),처단,10
귀검사(여),양의공,15
귀검사(여),회륜,15
귀검사(여),연환격,15
귀검사(여),삼재검,15
귀검사(여),오기조원,20
귀검사(여),비상,25
귀검사(여),거압,30
귀검사(여),극검,30
귀검사(여),비연장,35
귀검사(여),난화검,35
귀검사(여),폭검,40
귀검사(여),멸화장,40
귀검사(여),혜성만리,45
귀검사(여),열화지옥,50
귀검사(여),십자검,60
귀검사(여),백보신장,70
귀검사(여),연화검무,75
귀검사(여),연화섬,80
귀검사(여),월광비무,85
귀검사(여),냉정함,1
귀검사(여),광검 사용 가능,1
귀검사(여),보조무기 장착가능,1
귀검사(여),베가본드의 가죽 마스터리,1
귀검사(여),잠재 능력,1
귀검사(여),기본기 숙련,1
귀검사(여),기초 방어구 마스터리,1
귀검사(여),투척 마스터리,10
귀검사(여),삼재회륜검,15
귀검사(여),물리 크리티컬 히트,20
귀검사(여),컨버전,20
귀검사(여),물리 백 어택,20
귀검사(여),삼화취정,20
귀검사(여),삼매진화,48
귀검사(여),기본기 숙련 강화,50
귀검사(여),비연장 강화,65
귀검사(여),혜성만리 강화,65
귀검사(여),폭검 강화,65
귀검사(여),멸화장 강화,65
귀검사(여),등봉조극,75
귀검사(여),회전격,10
귀검사(여),쉐도우 랜서,15
귀검사(여),쉐도우 바인딩,20
귀검사(여),쉐도우 하이딩,20
귀검사(여),쉐도우 하베스트,20
귀검사(여),스카폴드,25
귀검사(여),소울드레인 ,25
귀검사(여),쉐도우 퍼펫,30
귀검사(여),리버레이트 - 벅샷,30
귀검사(여),컨제스트,35
귀검사(여),블랙 미러 ,35
귀검사(여),리버레이트 - 매드니스,35
귀검사(여),데들리 케이프,40
귀검사(여),디스트로이어,45
귀검사(여),둠스데이,50
귀검사(여),스타폴,60
귀검사(여),이몰레이션,70
귀검사(여),데우스 엑스 레이,75
귀검사(여),지하드,80
귀검사(여),퍼니쉬먼트,85
귀검사(여),다크템플러의 판금 마스터리,1
귀검사(여),우시르의 저주,15
귀검사(여),히든 블레이드,15
귀검사(여),마법 크리티컬 히트,20
귀검사(여),마법 백 어택,20
귀검사(여),이보브 ,25
귀검사(여),충실한 종,48
귀검사(여),쉐도우 바인딩 강화,55
귀검사(여),소울드레인 강화 ,55
귀검사(여),리버레이트 - 벅샷 강화,55
귀검사(여),디스트로이어 강화,65
귀검사(여),블랙 미러 강화 ,65
귀검사(여),리버레이트 - 매드니스 강화,65
귀검사(여),베스퍼스,75
귀검사(여),속성변환,15
귀검사(여),제국검술,15
귀검사(여),쾌속검,20
귀검사(여),승천,25
귀검사(여),신검합일,25
귀검사(여),비연참,30
귀검사(여),섬광,35
귀검사(여),반월,35
귀검사(여),폭명기검,40
귀검사(여),악즉참,45
귀검사(여),극 귀검술 : 시공섬,50
귀검사(여),용성락,60
귀검사(여),참마검,70
귀검사(여),마검방출,75
귀검사(여),극 귀검술 : 파검무,80
귀검사(여),궁극의 검 : 레바테인,85
귀검사(여),소드 마스터의 경갑 마스터리,1
귀검사(여),견고의 대검 마스터리,15
귀검사(여),납도,15
귀검사(여),발검술,15
귀검사(여),마검발현,30
귀검사(여),참격혼,48
귀검사(여),섬광 강화,65
귀검사(여),반월 강화,65
귀검사(여),폭명기검 강화,65
귀검사(여),악즉참 강화,65
귀검사(여),고대의 맹약,75
마법사(여),퀵 스탠딩,1
마법사(여),플로레 비비기,5
마법사(여),랜턴 파이어,5
마법사(여),위상변화,10
마법사(여),프로스트 헤드,10
마법사(여),고대의 기억,15
마법사(여),플레임 스트라이크,15
마법사(여),쇼타임,20
마법사(여),엘레멘탈 번,20
마법사(여),보이드,20
마법사(여),썬버스트,25
마법사(여),칠링 팬스,25
마법사(여),썬더 콜링,35
마법사(여),나이트 할로우,40
마법사(여),아크틱 피스트,40
마법사(여),핼로윈 버스터,45
마법사(여),애스트럴 스톰,50
마법사(여),엘레멘탈 커튼,60
마법사(여),엘레멘탈 퀘이크,70
마법사(여),초월의 크리스탈,75
마법사(여),초월의 룬,75
마법사(여),더 게이트,80
마법사(여),제6원소,85
마법사(여),엘레멘탈마스터의 천 갑옷 마스터리,1
마법사(여),메모라이즈,15
마법사(여),이동 캐스팅,15
마법사(여),마법 크리티컬 히트,20
마법사(여),속성 마스터리,30
마법사(여),마력 증폭,48
마법사(여),칠링 팬스 강화,50
마법사(여),엘레멘탈 번 강화,50
마법사(여),썬버스트 강화,55
마법사(여),아크틱 피스트 강화,65
마법사(여),핼로윈 버스터 강화,65
마법사(여),나이트 할로우 강화,65
마법사(여),엘레멘탈 포텐셜,75
프리스트(남),낙봉추,15
프리스트(남),성불,15
프리스트(남),질풍타,15
프리스트(남),열정의 챠크라,20
프리스트(남),단층지격,20
프리스트(남),제압부,25
프리스트(남),저 하늘의 별,25
프리스트(남),공의 식신 - 백호,30
프리스트(남),거선풍,30
프리스트(남),난격,35
프리스트(남),지의 식신 - 현무,40
프리스트(남),무쌍격,45
프리스트(남),식신의 군,45
프리스트(남),창룡격,50
프리스트(남),참격,70
프리스트(남),오망성진,80
프리스트(남),역전의 칠조격,80
프리스트(남),진격(陣擊)의 황룡,85
프리스트(남),퇴마사의 판금 갑옷 마스터리,1
프리스트(남),퇴마사의 천 갑옷 마스터리,1
프리스트(남),퇴마사의 중갑 마스터리,1
프리스트(남),잠룡,15
프리스트(남),퇴마의 기운,15
프리스트(남),거병 마스터리,20
프리스트(남),물리 크리티컬 히트,20
프리스트(남),물리 백 어택,20
프리스트(남),투기 발산,48
프리스트(남),공참타 강화,50
프리스트(남),난격 강화,65
프리스트(남),지의 식신 - 현무 강화,65
프리스트(남),무쌍격 강화,65
프리스트(남),식신의 군 강화,65
프리스트(남),신의 챠크라,75
프리스트(남),신선의 경지 ,75
마법사(남),백스텝,1
마법사(남),윈드 스트라이크,1
마법사(남),물대포,1
마법사(남),퀵 스탠딩,1
마법사(남),금나장,5
마법사(남),텔레포트,10
마법사(남),빙백검,15
마법사(남),수인체,15
마법사(남),설화연창,20
마법사(남),아이스 로드,25
마법사(남),회전투창,25
마법사(남),공명,30
마법사(남),피어스 오브 아이스,30
마법사(남),브로큰 애로우,30
마법사(남),아이스 빅 해머,35
마법사(남),아이스 크래쉬,35
마법사(남),아이스맨,40
마법사(남),블리자드 스톰,45
마법사(남),빙류환,50
마법사(남),아이스 오브,60
마법사(남),아이스 필드,70
마법사(남),샤드 매그넘,75
마법사(남),오버프리즈 익스텐션,80
마법사(남),쥬데카 디 이터널,85
마법사(남),기본기 숙련,1
마법사(남),불사,1
마법사(남),잠재 능력,1
마법사(남),빙결사의 가죽 갑옷 마스터리,1
마법사(남),기초 방어구 마스터리,1
마법사(남),어비스,1
마법사(남),프로즌웨폰 마스터리,15
마법사(남),마법 크리티컬 히트,20
마법사(남),마법 백 어택,20
마법사(남),컨버전,20
마법사(남),발현,25
마법사(남),크리스탈 블레이드,30
마법사(남),핀포인트 러쉬,45
마법사(남),툰드라의 가호,48
마법사(남),피어스 오브 아이스 강화,55
마법사(남),브로큰 애로우 강화,55
마법사(남),아이스 빅 해머 강화,65
마법사(남),아이스맨 강화,65
마법사(남),아이스크래프트,75
격투가(남),백스텝,1
격투가(남),올려차기,1
격투가(남),해머 킥,1
격투가(남),무릎 찍기,5
격투가(남),공중 밟기,10
격투가(남),순보,10
격투가(남),금강쇄,10
격투가(남),반드시 잡는다!,15
격투가(남),로플링,15
격투가(남),넥 스냅,20
격투가(남),숄더 태클,25
격투가(남),브레이크 다운,25
격투가(남),스냅 샷,30
격투가(남),에어슈타이너,30
격투가(남),블로우 스트라이크,35
격투가(남),롤링 스파이크,40
격투가(남),와일드 캐넌 스파이크,45
격투가(남),나의 공격리듬은!!,50
격투가(남),잠재 능력,1
격투가(남),기초 방어구 마스터리,1
격투가(남),기본기 숙련,1
격투가(남),그래플러의 경갑 마스터리,1
격투가(남),철금강,10
격투가(남),강렬한 테이크 다운,15
격투가(남),그랩캐넌,15
격투가(남),슬라이딩 그랩,15
격투가(남),컨버전,20
격투가(남),물리 백 어택,20
격투가(남),물리 크리티컬 히트,20
격투가(남),임팩트 콤비네이션,20
격투가(남),반격,48
도적,쿠나이 던지기,1
도적,라이징 컷,1
도적,백스텝,1
도적,염화참,5
도적,샤이닝컷,10
도적,발목 타격,10
도적,니콜라스 강령,15
도적,커스 스피어,15
도적,기본기 숙련,1
도적,사령술사의 경갑 마스터리,1
도적,컨버전,20
프리스트(여),참수 강화,65
프리스트(여),고결한 격노 강화,65
나이트,백스텝,1
나이트,퀵 스탠딩,1
나이트,라이온 킥,1
나이트,어퍼 실드,1
나이트,인터셉트,10
나이트,위핑 웨이브,15
나이트,실드 브레이크,20
나이트,레쓰,25
나이트,레트리뷰션,30
나이트,디스럽션,30
나이트,페이스풀,30
나이트,포기브니스,35
나이트,컨페션,35
나이트,이스트레인지먼트,40
나이트,컨실리에이션,45
나이트,프라이스 오브 미스트러스트,50
나이트,인테그레이션,60
나이트,멘데이트 오브 헤븐,70
나이트,옵스트럭션,75
나이트,인게이지먼트,80
나이트,저지먼트 콜,85
나이트,기초 방어구 마스터리,1
나이트,잠재 능력,1
나이트,기본기 숙련,1
나이트,팔라딘의 판금 방어구 마스터리,1
나이트,세라픽 폴,15
나이트,세라픽 페더,15
나이트,컨버전,20
나이트,물리 크리티컬 히트,20
나이트,글로리 오브 더 라이트,48
나이트,위핑 웨이브 강화,50
나이트,레쓰 강화,50
나이트,컨실리에이션 강화,50
나이트,이스트레인지먼트 강화,50
나이트,기본기 숙련 강화,50
나이트,커맨드먼트,75
프리스트(남),스웨이,15
프리스트(남),윌 드라이버,15
프리스트(남),더킹 스트레이트,15
프리스트(남),더킹 대시,15
프리스트(남),더킹 바디블로,20
프리스트(남),사이드 와인드,25
프리스트(남),고저스 컴비네이션,25
프리스트(남),초핑 해머,30
프리스트(남),홀리 카운터,30
프리스트(남),머신건 잽,35
프리스트(남),심판의 회오리,35
프리스트(남),헤븐리 컴비네이션,40
프리스트(남),허리케인 롤,45
프리스트(남),빅뱅 펀치,50
프리스트(남),개틀링 펀치,60
프리스트(남),인파이터의 경갑 마스터리,1
프리스트(남),신체강화,15
프리스트(남),테크니컬 마스터리,20
프리스트(남),컴뱃 마스터리,20
프리스트(남),퀵 패리,25
프리스트(남),드라이아웃,48
프리스트(남),기본기 숙련 강화,50
프리스트(남),심판의 회오리 강화,65
프리스트(남),허리케인 롤 강화,65
프리스트(남),머신건 잽 강화,65
프리스트(남),고저스 컴비네이션 강화,65
귀검사(남),단공참,15
귀검사(남),귀참 : 나락,60
귀검사(남),둔기 마스터리,15
귀검사(남),귀참 : 광폭 강화,65
귀검사(남),흑염의 칼라 강화,65
마법사(남),고대의 기억,15
마법사(남),빙백검 강화,50
마법사(남),설화연창 강화,55
마법사(남),아이스 크래쉬 강화,55
귀검사(남),파동각인,15
귀검사(남),파동검 지열,15
귀검사(남),파동의 눈,50
귀검사(남),아수라의 판금 갑옷 마스터리,1
귀검사(남),살기감지,18
귀검사(남),심안,48
크리에이터,화염,1
크리에이터,퀵 스탠딩,1
크리에이터,냉기,10
크리에이터,방해,20
크리에이터,바람,40
크리에이터,변이,50
크리에이터,재현,60
크리에이터,조율,70
크리에이터,왜곡,80
크리에이터,창조,85
크리에이터,파이어월,1
크리에이터,빗자루 다루기,1
크리에이터,내재된 힘,1
크리에이터,기초 방어구 마스터리,1
크리에이터,기본기 숙련,1
크리에이터,판금 갑옷 마스터리,1
크리에이터,운석 낙하,1
크리에이터,아이스 스톤,10
크리에이터,아이스 플레이트,10
크리에이터,드로우,20
크리에이터,우드 트랩,20
크리에이터,마법 크리티컬 히트,20
크리에이터,마법 백 어택,20
크리에이터,윈드 스톰,40
크리에이터,윈드 프레스,40
크리에이터,아이스 플레이트 강화,50
크리에이터,파이어월 강화,50
크리에이터,운석 낙하 강화,50
크리에이터,에어볼,50
크리에이터,빙하시대,60
크리에이터,윈드 프레스 강화,65
크리에이터,링크,70
크리에이터,타임 포워드,80
크리에이터,창조의 공간,85
거너(남),백스텝,1
거너(남),라이징샷,1
거너(남),잭스파이크,1
거너(남),M-137 개틀링건,5
거너(남),RX-78 랜드러너,5
거너(남),G-14 파열류탄,15
거너(남),오버 차지,15
거너(남),M18 클레이모어,20
거너(남),G-35L 섬광류탄,25
거너(남),교차 사격,25
거너(남),G-18C 빙결류탄,30
거너(남),폭발탄,30
거너(남),버스터 샷,35
거너(남),네이팜 탄,40
거너(남),록 온 서포트,45
거너(남),특수기동전대 '블랙 로즈',50
거너(남),G-61 중력류탄,60
거너(남),피스톨 카빈,70
거너(남),데인저 클로즈,75
거너(남),G-38ARG 반응류탄,80
거너(남),슈퍼 노바,85
거너(남),잠재 능력,1
거너(남),스핏파이어의 가죽 갑옷 마스터리,1
거너(남),기초 방어구 마스터리,1
거너(남),기본기 숙련,1
거너(남),매거진 드럼,15
거너(남),컨버전,20
거너(남),강화탄,20
거너(남),유탄 마스터리,20
거너(남),물리 크리티컬 히트,20
거너(남),병기 숙련,20
거너(남),듀얼 플리커,48
거너(남),기본기 숙련 강화,50
거너(남),류탄 강화,50
거너(남),M18 클레이모어 강화,50
거너(남),버스터 샷 강화,55
거너(남),네이팜 탄 강화,65
거너(남),전장의 영웅,75
거너(남),퀵 스탠딩,1
거너(남),바베~큐,10
거너(남),퍼니셔,10
거너(남),고대의 기억,15
거너(남),C4,35
거너(남),마법 크리티컬 히트,20
거너(남),교차 사격 강화,50
거너(남),바베~큐 강화,50
거너(남),록 온 서포트 강화,50
거너(남),로봇 전폭,15
거너(남),Ez-8 카운트다운,15
거너(남),로보틱스,15
거너(남),Ex-S 바이퍼,25
거너(남),RX-60 트랩러너,30
거너(남),공중 전투 메카 : 템페스터,35
거너(남),메카 드롭,40
거너(남),스패로우 팩토리,45
거너(남),게이볼그 펀치,50
거너(남),TX-80 디멘션 러너,75
거너(남),헬 마치,85
거너(남),메카닉의 천 갑옷 마스터리,1
거너(남),회심의 랜드러너,20
거너(남),마법 백 어택,20
거너(남),아크리액터,25
거너(남),파이어볼트,30
거너(남),솔라 모듈 시스템,45
거너(남),최후의 투지,48
거너(남),RX-78 랜드러너 강화,50
거너(남),Ez-8 카운트다운 강화,55
거너(남),Ex-S 바이퍼 강화,55
거너(남),공중 전투 메카 : 템페스터 강화,65
거너(남),RX-60 트랩러너 강화,65
거너(남),메카 드롭 강화,65
거너(남),HS-1 친구들,75
귀검사(남),에쉔 포크,5
귀검사(남),쓰러스트,5
귀검사(남),고어 크로스,15
귀검사(남),프렌지,15
귀검사(남),다이하드,20
귀검사(남),블러드러스트,25
귀검사(남),폭주,25
귀검사(남),레이징 퓨리,30
귀검사(남),갈증,35
귀검사(남),블러디 레이브,35
귀검사(남),블러드 소드,40
귀검사(남),아웃레이지 브레이크,45
귀검사(남),익스트림 오버킬,50
귀검사(남),블러드 루인,60
귀검사(남),사무치는 광기,65
귀검사(남),버스트 퓨리,70
귀검사(남),블러드 붐,75
귀검사(남),레드로제,80
귀검사(남),블러드 리븐,85
귀검사(남),버서커의 중갑 마스터리,1
귀검사(남),광기,15
귀검사(남),혈십자,15
귀검사(남),혈기왕성,15
귀검사(남),들끓는 피,15
귀검사(남),대검 마스터리,15
귀검사(남),물리 크리티컬 히트,20
귀검사(남),선혈의 추억,48
귀검사(남),고어 크로스 강화,50
귀검사(남),열파참 강화,50
귀검사(남),붕산격 강화,50
귀검사(남),블러드 소드 강화,65
귀검사(남),폭주 강화,65
귀검사(남),아웃레이지 브레이크 강화,65
귀검사(남),레이징 퓨리 강화,65
귀검사(남),블러드 인카넷,75
거너(남),마하킥,15
거너(여),니들 소배트,15
거너(여),EMP 스톰,50
거너(여),G-61 중력류탄,60
거너(여),피스톨 카빈,70
거너(여),오픈 파이어,75
거너(여),G-96 열압력유탄,80
거너(여),디-데이,85
거너(여),마법 크리티컬 히트,20
거너(여),병기강화,48
거너(여),기본기 숙련 강화,50
거너(여),바베~큐 강화,50
거너(여),버스터 샷 강화,50
거너(여),류탄 강화,50
거너(여),교차 사격 강화,50
거너(여),네이팜 탄 강화,65
거너(여),증명의 열쇠,75
귀검사(남),백스텝 커터,15
귀검사(남),리 귀검술,15
귀검사(남),류심 충,20
귀검사(남),류심,20
귀검사(남),오버드라이브,25
귀검사(남),류심 쾌,25
귀검사(남),류심 강,30
귀검사(남),차지 크래시,30
귀검사(남),류심 승,30
귀검사(남),발도,35
귀검사(남),차지 버스트,40
귀검사(남),맹룡단공참,40
귀검사(남),환영검무,45
귀검사(남),극 귀검술 : 폭풍식,50
귀검사(남),극 귀검술 : 유성락,60
귀검사(남),극초발도,70
귀검사(남),극 귀검술 : 심검,75
귀검사(남),극 발검술 : 섬단,80
귀검사(남),이기어검술,85
귀검사(남),신속한 무기 교체,1
귀검사(남),웨펀마스터의 경갑 마스터리,1
귀검사(남),광검 사용 가능,15
귀검사(남),무기의 극의,15
귀검사(남),소검 마스터리,15
귀검사(남),광검 마스터리,15
귀검사(남),극 귀검술 : 참철식,48
귀검사(남),차지 크래시 강화,55
귀검사(남),발도 강화,65
귀검사(남),환영검무 강화,65
귀검사(남),맹룡단공참 강화,65
귀검사(남),신기의 손놀림,70
귀검사(남),극한의 경지,75
격투가(남),퀵 스탠딩,1
격투가(남),로킥,5
격투가(남),강권,15
격투가(남),슈퍼아머,20
격투가(남),본 크러셔,25
격투가(남),철산고,25
격투가(남),질풍각,30
격투가(남),홍염 질풍각,35
격투가(남),클로즈 킥,35
격투가(남),라이트닝 댄스,40
격투가(남),헥토파스칼 킥,45
격투가(남),화염의 각,50
격투가(남),연환퇴,60
격투가(남),스핀 킥,70
격투가(남),낙화,75
격투가(남),아토믹 캐넌,80
격투가(남),스트라이커의 경갑 마스터리,1
격투가(남),권투글러브 사용 가능,15
격투가(남),강습펀치,25
격투가(남),머슬 시프트,30
격투가(남),급소 지정,30
격투가(남),효율적인 연소,48
격투가(남),로킥 강화,50
격투가(남),본 크러셔 강화,55
격투가(남),클로즈 킥 강화,65
격투가(남),라이트닝 댄스 강화,65
격투가(남),헥토파스칼 킥 강화,65
격투가(남),화력개방,75
거너(남),은탄,5
거너(남),G-1 코로나,20
거너(남),트랜스폼 : G-2 롤링썬더,25
거너(남),트랜스폼 : G-3 랩터,30
거너(남),카모플라쥬,30
거너(남),Ez-10 카운터어택,60
거너(남),Ex-S 바이퍼 Zero,70
거너(남),은탄 강화,50
거너(남),스패로우 팩토리 강화,65
거너(여),에인션트 트리거,50
거너(여),런처의 중갑 마스터리,1
거너(여),중화기 다루기,15
거너(여),오버 히트,48
격투가(남),헬터 스켈터,15
격투가(남),독병 투척,15
격투가(남),강화 투척,15
격투가(남),넨탄,15
격투가(남),일발화약성,20
격투가(남),뒷골목 싸움법,20
격투가(남),바늘 투척,25
격투가(남),마운트,30
격투가(남),블럭 투척,30
격투가(남),그물 투척,35
격투가(남),도발,35
격투가(남),그라운드 태클,35
격투가(남),베놈 마인,40
격투가(남),니들 스핀,45
격투가(남),천붕지괴,50
격투가(남),더티 배럴,60
격투가(남),광폭혈쇄,70
격투가(남),체인 드라이브,75
격투가(남),만천화우,80
격투가(남),개조형 파진포 : 연화,85
격투가(남),스트리트파이터의 중갑 마스터리,1
격투가(남),독에 익숙함,1
격투가(남),사공 수련,15
격투가(남),자동 장전,15
격투가(남),뒷주머니,20
격투가(남),크레이지 발칸,40
격투가(남),천수천안,48
격투가(남),크레이지 발칸 강화,50
격투가(남),바늘 투척 강화,55
격투가(남),독병 투척 강화,55
격투가(남),그물투척 강화,65
격투가(남),그라운드 태클 강화,65
격투가(남),룰 브레이크,75
총검사,백스텝,1
총검사,퀵 스탠딩,1
총검사,현월참,1
총검사,앵글 샷,1
총검사,G-Bomb,10
총검사,롤링 무브,15
총검사,더블 배럴,15
총검사,브레이크 샷,20
총검사,소드 밤,25
총검사,역전의 승부사,25
총검사,G-CTF,30
총검사,디퓨전 버스트,30
총검사,번 투 슬래쉬,35
총검사,오프레션,35
총검사,디스트러블 퀘이크,40
총검사,서프라이즈 프레전트,45
총검사,G-Widow,50
총검사,퍼펙트 배팅,60
총검사,겟 온 파이어,70
총검사,바이올런트 스매쉬,75
총검사,더 나인 배럴,80
총검사,인크레더블,85
총검사,기초 방어구 마스터리,1
총검사,트러블 슈터의 중갑 마스터리,1
총검사,잠재 능력,1
총검사,기본기 숙련,1
총검사,숙련자의 전투술,15
총검사,물리 크리티컬 히트,20
총검사,컨버전,20
총검사,물리 백 어택,20
총검사,중검 마스터리,20
총검사,화약 다루기,30
총검사,리인포스 파이어,48
총검사,G-CTF 강화,55
총검사,오프레션 강화,65
총검사,디스트러블 퀘이크 강화,65
총검사,서프라이즈 프레전트 강화,65
총검사,황야의 무법자,75
귀검사(남),귀문반,15
귀검사(남),진공참,20
귀검사(남),파동 해제,25
귀검사(남),파동검 빙인,30
귀검사(남),살의의 파동,30
귀검사(남),무쌍파,35
귀검사(남),파동검 폭염,35
귀검사(남),작열 파동진,40
귀검사(남),부동명왕진,45
귀검사(남),극파동검 빙인,60
귀검사(남),극파동검 폭염,70
귀검사(남),파동검 : 인다라망,75
귀검사(남),천뇌 바주라,80
귀검사(남),뇌신,85
귀검사(남),수라 진공참,20
귀검사(남),정신이 번쩍!,25
귀검사(남),파동 해제 강화,55
귀검사(남),파동검 빙인 강화,55
귀검사(남),부동명왕진 강화,65
귀검사(남),파동검 폭염 강화,65
귀검사(남),뇌신의 기운,75
마법사(여),고출력 매직 미사일,15
마법사(여),고대의 도서관,15
마법사(여),도발 인형 : 슈르르,15
마법사(여),블룸 파우더,20
마법사(여),블랙 망토,20
마법사(여),마도학자의 가죽 갑옷 마스터리,1
마법사(여),빗자루 다루기,15
마법사(여),개조 슈르르,15
마법사(여),퍼밀리어와 친하게 지내기,15
마법사(여),채찍질,10
마법사(여),나를 따라라,15
마법사(여),소환 해제,20
마법사(여),저놈 잡아라!,25
마법사(여),계약소환 : 검은기사 산도르,25
마법사(여),정령소환 : 플레임 헐크,30
마법사(여),정령소환 : 아퀘리스,30
마법사(여),정령소환 : 데드 멀커,30
마법사(여),정령소환 : 글레어린,30
마법사(여),환수 폭주,30
마법사(여),계약소환 : 루이즈 언니!,35
마법사(여),정령소환 : 정령왕 에체베리아,40
마법사(여),매스 텔레포트,40
마법사(여),끈끈이 투척,45
마법사(여),계약소환 : 타우킹 쿠루타,45
마법사(여),지배력 강화,25
프리스트(남),성령의 메이스,20
거너(여),은탄,5
거너(여),탑스핀,10
거너(여),도약,10
거너(여),M-3 화염방사기,15
거너(여),슈타이어 대전차포,20
거너(여),레이저 라이플,25
거너(여),화염 강타,30
거너(여),미라클 비전,30
거너(여),FM-31 그레네이드 런처,35
거너(여),FM-92 mk2 랜서,35
거너(여),양자 폭탄,40
거너(여),X-1 익스트루더,45
거너(여),플라즈마 부스터,60
거너(여),FM-92 mk2 랜서 SW,70
거너(여),FSC-7,75
거너(여),PT-15 프로토타입,80
거너(여),오퍼레이션 레이즈,85
거너(여),투척 마스터리,10
거너(여),뽑아치기,15
거너(여),중화기 마스터리,15
거너(여),물리 크리티컬 히트,20
거너(여),물리 백 어택,20
거너(여),충전 레이저 라이플,25
거너(여),듀얼 트리거,35
거너(여),화염 강타 강화,50
거너(여),FM-31 그레네이드 런처 강화,50
거너(여),슈타이어 대전차포 강화,55
거너(여),양자 폭탄 강화,65
거너(여),X-1 익스트루더 강화,65
거너(여),알파 서포트,75
거너(남),M-3 화염방사기,15
거너(남),슈타이어 대전차포,20
거너(남),레이저 라이플,25
거너(남),미라클 비전,30
거너(남),화염 강타,30
거너(남),FM-31 그레네이드 런처,35
거너(남),새틀라이트 빔,50
거너(남),플라즈마 부스터,60
거너(남),사이즈믹 웨이브,75
거너(남),MSC-7,80
거너(남),버스터 빔,85
거너(남),런처의 중갑 마스터리,1
거너(남),중화기 마스터리,15
거너(남),뽑아치기,15
거너(남),중화기 다루기,15
거너(남),물리 백 어택,20
거너(남),충전 레이저 라이플,25
거너(남),패스티스트 건,25
거너(남),듀얼 트리거,35
거너(남),스펙트럴 서치 아이,48
거너(남),M-3 화염방사기 강화,50
거너(남),M-137 개틀링건 강화,50
거너(남),레이저 라이플 강화,50
거너(남),화염 강타 강화,50
거너(남),슈타이어 대전차포 강화,55
거너(남),중화기 개조,75
거너(남),윈드밀,10
거너(남),헤드샷,15
거너(남),건가드,20
거너(남),리벤저,25
거너(남),에어레이드,25
거너(남),트리플 탭,30
거너(남),데스 바이 리볼버,30
거너(남),웨스턴 파이어,30
거너(남),이동사격,35
거너(남),난사,35
거너(남),멀티 헤드샷,40
거너(남),더블 건호크,45
거너(남),스커드 제노사이드,50
거너(남),데들리 어프로치,60
거너(남),제압 사격,70
거너(남),패스트 드로우,75
거너(남),와이프 아웃,80
거너(남),세븐스 플로우,85
거너(남),레인저의 가죽 갑옷 마스터리,1
거너(남),리볼버 강화,15
거너(남),스타일리쉬,20
거너(남),죽음의 표식,48
거너(남),이동사격 강화,50
거너(남),난사 강화,65
거너(남),헤드샷 강화,65
거너(남),더블 건호크 강화,65
거너(남),사격술,75
격투가(여),분신,5
격투가(여),호신연격,10
격투가(여),독 바르기,15
격투가(여),일발화약성,15
격투가(여),고대의 기억,15
격투가(여),이중 투척,20
격투가(여),히든 스팅,20
격투가(여),블록 버스터,25
격투가(여),마운트,30
격투가(여),천라지망,35
격투가(여),도발,35
격투가(여),베놈 마인,40
격투가(여),정크 스핀,45
격투가(여),독무,50
격투가(여),맹독 일발화약성,60
격투가(여),블록 봄,70
격투가(여),비기 : 폭독,75
격투가(여),만병지왕 - 파진포,80
격투가(여),금기 : 독사굴,85
격투가(여),독문무공,85
격투가(여),독에 익숙함,1
격투가(여),스트리트파이터의 중갑 마스터리,1
격투가(여),사공 수련,15
격투가(여),호포,20
격투가(여),마법 크리티컬 히트,20
격투가(여),클로 마스터리,25
격투가(여),크레이지 발칸,40
격투가(여),혈관을 흐르는 맹독,48
격투가(여),헬터 스켈터 강화,50
격투가(여),크레이지 발칸 강화,55
격투가(여),히든 스팅 강화,55
격투가(여),천라지망 강화,65
격투가(여),베놈 마인 강화,65
격투가(여),정크 스핀 강화,65
격투가(여),용독술,75
격투가(여),비전 : 진천뢰,80
마법사(여),낙화장,15
마법사(여),기다려!!,15
마법사(여),계약소환 : 마계화 아우쿠소,30
마법사(여),지배의 고리,60
마법사(여),정령소환 : 융합정령 헤일롬,60
마법사(여),다크문,75
마법사(여),전설소환 : 갈애의 라모스,85
마법사(여),식락,85
마법사(여),교감,15
마법사(여),채찍질 강화,50
마법사(여),정령소환 : 아퀘리스 강화,55
마법사(여),계약소환 : 타우킹 쿠루타 강화,65
마법사(여),정령소환 : 정령왕 에체베리아 강화,65
마법사(여),계약소환 : 루이즈 언니! 강화,65
마법사(여),이클립스 하이브,75
귀검사(남),물리 백 어택,20
귀검사(남),차지 버스트 강화,65
크리에이터,아이스 스톤 강화,50
귀검사(여),태산압정,5
귀검사(여),사영검,10
귀검사(여),쉐도우 하베스트 강화,55
나이트,실드 스타크,5
나이트,방패 방어,10
나이트,가디언 라이딩,15
나이트,체인지 실드,15
나이트,워크라이,15
나이트,자연의 수호,25
나이트,압도,25
나이트,신록의 검,30
나이트,엘비쉬 점프,30
나이트,뱅가드 스트랏슈,35
나이트,자연의 속박,35
나이트,철벽방어,35
나이트,런지 에볼루션,40
나이트,분쇄,45
나이트,천마 섬광,50
나이트,생명의 전조,60
나이트,엘븐 나이트의 판금 마스터리,1
나이트,퍼펙트 가드,5
나이트,기사도,15
나이트,강인한 신념,15
나이트,디멘션 몰트,15
나이트,대자연의 가호,48
거너(남),Hold & Go,30
거너(남),TX-45 A-Team,80
귀검사(남),가드,5
도적,퀵 스탠딩,1
도적,인법 : 허물 벗기,10
도적,고대의 기억,15
도적,날다람쥐,15
도적,화둔 : 홍염,20
도적,에어리얼 점프,20
도적,환영 다중 수리검,20
도적,화염선풍,25
도적,인법 : 바꿔치기,35
도적,인법 : 잔영 남기기,35
도적,열화천도,35
도적,인법 : 육도윤회,40
도적,두꺼비유염탄,40
도적,비기 : 염무개화,45
도적,흉멸인법진,50
도적,암기 : 비연수리검,60
도적,야마타오로치,75
도적,아마테라스,80
도적,쿠사나기의 검,85
도적,기초 방어구 마스터리,1
도적,잠재 능력,1
도적,쿠노이치의 천 마스터리,1
도적,차크라 웨펀 착용 가능,15
도적,인술,15
도적,마법 크리티컬 히트,20
도적,차크라 웨펀 숙련,25
도적,암영술,45
도적,초열혼폭술,48
도적,기본기 숙련 강화,50
도적,차크라 웨펀 숙련 강화,55
도적,비기 : 염무개화 강화,65
도적,열화천도 강화,65
도적,두꺼비유염탄 강화,65
도적,야타의 거울,75
도적,광휘의 팔척곡옥,75
거너(여),헤드샷,15
거너(여),체인 스내치,25
거너(여),리벤저,25
거너(여),웨스턴 파이어,30
거너(여),소닉 스파이크,30
거너(여),데스 바이 리볼버,30
거너(여),권총의 춤,35
거너(여),이동사격,35
거너(여),멀티 헤드샷,40
거너(여),더블 건호크,45
거너(여),블러디 카니발,50
거너(여),블러디 스파이크,60
거너(여),제압 사격,70
거너(여),체인 디바이더,80
거너(여),레인저의 가죽 갑옷 마스터리,1
거너(여),건블레이드,15
거너(여),리볼버 강화,15
거너(여),베일드 컷,48
거너(여),은탄 강화,50
거너(여),이동사격 강화,50
거너(여),권총의 춤 강화,65
거너(여),멀티 헤드샷 강화,65
다크나이트,브리프 컷,1
다크나이트,바운스 블로우,1
다크나이트,어퍼,1
다크나이트,다크 슬래쉬,1
다크나이트,백스텝,1
다크나이트,퀵 스탠딩,1
다크나이트,웨이브,5
다크나이트,스핀 어택,5
다크나이트,다크 크로스,5
다크나이트,홉 스매쉬,10
다크나이트,베인 슬래쉬,10
다크나이트,트리플 스탭,10
다크나이트,피어스 스트라이크,10
다크나이트,그랜드 웨이브,10
다크나이트,다크 익스플로젼,15
다크나이트,다크 웨이브,20
다크나이트,윕 어택,20
다크나이트,다크 레이브,25
다크나이트,래피드 무브,25
다크나이트,다크 러스트,30
다크나이트,다크 볼,30
다크나이트,다크 크래셔,30
다크나이트,오버플로우,30
다크나이트,쇼크 웨이브,35
다크나이트,다크 소드,35
다크나이트,다크 폴,35
다크나이트,드로우 소드,40
다크나이트,모멘터리 슬래쉬,40
다크나이트,다크 플레임 소드,40
다크나이트,웨이브 스핀,45
다크나이트,일루젼 슬래쉬,45
다크나이트,다크 브레이크,45
다크나이트,팬텀 소드,50
다크나이트,다크 웨이브 폴,60
다크나이트,차지 익스플로전,70
다크나이트,다크 버스트,80
다크나이트,타임 브레이크,85
다크나이트,컨버전,1
다크나이트,내재된 힘,1
다크나이트,기초 방어구 마스터리,1
다크나이트,광검 사용 가능,1
다크나이트,경갑 마스터리,1
다크나이트,중갑 마스터리,1
다크나이트,천 갑옷마스터리,1
다크나이트,판금 갑옷 마스터리,1
다크나이트,기본기 숙련,1
다크나이트,캔슬 백스텝,10
다크나이트,어둠의 도 마스터리,15
다크나이트,물리 크리티컬 히트,20
다크나이트,타임 스톱,48
다크나이트,기본기 숙련 강화,50
다크나이트,일루젼 슬래쉬 강화,65
다크나이트,다크 브레이크 강화,65
다크나이트,웨이브 스핀 강화,65
다크나이트,다크 플레임 소드 강화,65
다크나이트,차원일치,75
귀검사(여),사복검 - 발,15
귀검사(여),광폭화,20
귀검사(여),사복검 - 무,20
귀검사(여),사복검 - 조,25
귀검사(여),사형조수,25
귀검사(여),폭류나선,30
귀검사(여),데몬 슬레이어의 중갑 마스터리,1
귀검사(여),파천세,15
귀검사(여),마검 제어,30
도적,본 실드,10
도적,이레이저,15
도적,히트엔드,15
도적,밴디트컷,20
도적,소드 댄스,20
도적,체인소,25
도적,셰이크 다운,30
도적,브레이킹 러시,30
도적,사이드 스텝,30
도적,허리케인,30
도적,버티컬 스파이럴,35
도적,라이트닝 애로우,35
도적,소닉 어설트,40
도적,엑셀 스트라이크,45
도적,실버스트림,50
도적,체인소 러시,60
도적,디스트리뷰션,80
도적,노바 램넌트,85
도적,로그의 가죽 마스터리,1
도적,샤인 스파크,15
도적,스위프트,15
도적,쌍검 마스터리,20
도적,물리 크리티컬 히트,20
도적,데스 허리케인,40
도적,문아크,48
도적,소드 댄스 강화,55
도적,라이트닝 애로우 강화,65
도적,소닉 어설트 강화,65
도적,허리케인 강화,65
도적,히트 블리드,75
마창사,퀵 펀토,1
마창사,백스텝,1
마창사,퀵 스탠딩,1
마창사,헬름 샷,1
마창사,훅 앤 쓰로우,5
마창사,패러트루퍼,10
마창사,스윌링 스피어,15
마창사,서라운드 브레이크,15
마창사,미라지 스탠스,15
마창사,그라운드 씨커,20
마창사,오러 랜스,20
마창사,트윈 펀토,20
마창사,슈트롬,25
마창사,라이징 랜서,25
마창사,파동연환창,30
마창사,공아,35
마창사,메조싸이클론,40
마창사,뇌격점혈섬,45
마창사,오러 포스 재블린,50
마창사,롤링 벌컨,60
마창사,삼일참월,70
마창사,쿼드러플 드라이브,75
마창사,미스트 플레어,80
마창사,살극쌍연무,85
마창사,잠재 능력,1
마창사,듀얼리스트의 경갑 마스터리,1
마창사,기본기 숙련,1
마창사,기초 방어구 마스터리,1
마창사,장창 숙련,15
마창사,물리 크리티컬 히트,20
마창사,컨버전,20
마창사,미라지 스트림,48
마창사,기본기 숙련 강화,50
마창사,트윈 펀토 강화,55
마창사,미라지 어택 강화,55
마창사,슈트롬 강화,55
마창사,뇌격점혈섬 강화,65
마창사,메조싸이클론 강화,65
마창사,무형의 창술사,75
마창사,사이드 슬래쉬,10
마창사,마창 해방,20
마창사,비헤드,35
마창사,드레드보어,35
마창사,블레이드 스톰,40
마창사,디베스테이트,45
마창사,유 다이드,50
마창사,런지 스트라이크,60
마창사,둠 글레이브,70
마창사,데들리 매서커,75
마창사,버스트 슬래쉬,80
마창사,데모닉 인페르노,85
마창사,뱅가드의 중갑 마스터리,1
마창사,마창 제어,15
마창사,클리브,15
마창사,물리 백 어택,20
마창사,마창 지배,48
마창사,디베스테이트 강화,65
마창사,블레이드 스톰 강화,65
마창사,드레드보어 강화,65
마창사,비헤드 강화,65
마창사,마창 각성,75
거너(여),APG-63,25
거너(여),레이저 라이플 강화,50
나이트,운명의 수레바퀴,5
나이트,약식소환 : 럭키왁키,15
나이트,공격 금지,15
나이트,데몬월,15
나이트,테크트리 : 데몬 매지션,15
나이트,테크트리 : 데몬 솔져,15
나이트,약식소환 : 보라스,15
나이트,약식소환 : 히스테릭 워리어,20
나이트,희생폭탄,20
나이트,공진,20
나이트,약식소환 : 트윙클 아티스트,25
나이트,팬시 트위스트,25
나이트,약식소환 : 젤라틴 마스크,25
나이트,사악한 수혈,25
나이트,브레인 스톰,30
나이트,약식소환 : 크레이지 스핀,30
나이트,약식소환 : 뱀파이어 칠드런,30
나이트,파성추,30
나이트,약식소환 : 레이지 햇,35
나이트,천공검,35
나이트,엘레멘탈 서클,35
나이트,약식소환 : 빅대디,40
나이트,제노사이드 크러쉬,40
나이트,파이널 어택,45
나이트,약식소환 : 하트퀸,45
나이트,악신난무,50
나이트,검은 충격,60
나이트,디멘션 블레이드,70
나이트,악신의 지휘,75
나이트,대난투,80
나이트,아텐 현신,85
나이트,혼혈,1
나이트,카오스의 중갑 마스터리,1
나이트,수호자 : 악신 아텐,15
나이트,마법 크리티컬 히트,20
나이트,형질전환,48
나이트,데몬월 강화,55
나이트,사악한 수혈 강화,55
나이트,제노사이드 크러쉬 강화,65
나이트,약식소환 : 빅대디 강화,65
나이트,아텐의 화신,75
마법사(남),크리핑,10
마법사(남),릴리악,15
마법사(남),오퍼링,20
마법사(남),블러드 번,25
마법사(남),릴로이,25
마법사(남),쉬카리,25
마법사(남),팽,30
마법사(남),헬베루즈,30
마법사(남),토먼트,35
마법사(남),소울 스틸,40
마법사(남),커럽션,45
마법사(남),체페슈,50
마법사(남),럼블독,60
마법사(남),머로더,70
마법사(남),팬텀 베일,75
마법사(남),페이탈리티,80
마법사(남),블러드 스트림,85
마법사(남),피로 적신 가죽 마스터리,1
마법사(남),데드 핸즈,15
마법사(남),블러드,15
마법사(남),물리 크리티컬 히트,20
마법사(남),어밴던,48
마법사(남),토먼트 강화,50
마법사(남),팽 강화,50
마법사(남),커럽션 강화,50
마법사(남),쉬카리 강화,50
마법사(남),소울 스틸 강화,50
마법사(남),트루 블러드,75
격투가(여),넨탄,15
격투가(여),카이,15
격투가(여),기옥탄,15
격투가(여),환영폭쇄,20
격투가(여),태양의 숨결,20
격투가(여),넨 가드,25
격투가(여),나선의 넨,30
격투가(여),기공장,40
격투가(여),뇌명 : 사나운 빛의 넨수,40
격투가(여),광충노도,45
격투가(여),넨화,50
격투가(여),광룡십삼장,60
격투가(여),태사자후,70
격투가(여),세인트 일루전,75
격투가(여),흡기공탄,80
격투가(여),광휘의 넨,85
격투가(여),넨마스터의 천 갑옷 마스터리,1
격투가(여),넨으로 느낀다,1
격투가(여),빛의 친화,15
격투가(여),축염포,20
격투가(여),흩날리는 천염화,48
격투가(여),기옥탄 강화,50
격투가(여),넨가드 강화,55
격투가(여),환영폭쇄 강화,55
격투가(여),나선의 넨 강화,55
격투가(여),궁극의 넨 가드,60
격투가(여),기공장 강화,65
격투가(여),광충노도 강화,65
격투가(여),축기,75
마법사(남),삭풍,15
마법사(남),소닉 무브,15
마법사(남),윈드니스,20
마법사(남),대진공,20
마법사(남),윈드 블래스터,25
마법사(남),회오리 바람,25
마법사(남),싹쓸바람,30
마법사(남),폭풍의 눈,35
마법사(남),휘몰아치는 바람,40
마법사(남),스톰 스트라이크,45
마법사(남),볼텍스 허리케인,50
마법사(남),스톰 퀘이커,70
마법사(남),스파이럴 프레스,75
마법사(남),바이올런트 스톰,80
마법사(남),스톰 엘리미네이트,85
마법사(남),격렬한 폭풍의 가죽 갑옷 마스터리,1
마법사(남),바람의 주인,15
마법사(남),휘몰아치는 질풍의 봉 마스터리,15
마법사(남),풍신의 힘,48
마법사(남),기본기 숙련 강화,50
마법사(남),싹쓸바람 강화,55
마법사(남),스톰 스트라이크 강화,65
마법사(남),폭풍의 눈 강화,65
마법사(남),휘몰아치는 바람 강화,65
마법사(남),세컨드 윈드,75
마법사(여),용아,5
마법사(여),원무곤,15
마법사(여),체이서 사출,15
마법사(여),전장의 여신,20
마법사(여),더블 스윙,20
마법사(여),오토 체이서,25
마법사(여),퓨전 체이서,30
마법사(여),쇄패,30
마법사(여),체이서 프레스,35
마법사(여),뇌연격,35
마법사(여),강습유성타,40
마법사(여),황룡천공,45
마법사(여),퀘이사 익스플로젼,50
마법사(여),테아나 변신~!!,50
마법사(여),트윙클 스매쉬,60
마법사(여),진 뇌연격,70
마법사(여),체이서 에볼루션,75
마법사(여),사도의 춤,80
마법사(여),체이서 강화 사출,80
마법사(여),사도화,85
마법사(여),배틀메이지의 가죽 갑옷 마스터리,1
마법사(여),체이서 : 암(暗),15
마법사(여),체이서 : 명(明),15
마법사(여),체이서 : 무(無),15
마법사(여),콤보 본능,15
마법사(여),집중의 오라 실드,15
마법사(여),체이서 : 수(水),15
마법사(여),체이서 : 화(火),15
마법사(여),니우의 전투술,15
마법사(여),창 마스터리,20
마법사(여),배틀 그루브,48
마법사(여),퓨전 체이서 강화,50
마법사(여),낙화장 강화,50
마법사(여),체이서 사출 강화,50
마법사(여),매지컬 테아나~!!,50
마법사(여),뇌연격 강화,55
마법사(여),강습유성타 강화,65
마법사(여),황룡천공 강화,65
마법사(여),체이서 강화,65
마법사(여),문무겸비,75
프리스트(여),치유의 기도,5
프리스트(여),넥 업 사이드,5
프리스트(여),홀리 플래쉬,15
프리스트(여),승리의 창,20
프리스트(여),수호의 축복,20
프리스트(여),신성한 빛,25
프리스트(여),세례의 빛,25
프리스트(여),용맹의 축복,30
프리스트(여),세인트 월,30
프리스트(여),에디피케이션,35
프리스트(여),용맹의 아리아,35
프리스트(여),샤인 크로스,35
프리스트(여),홀리 써클릿,35
프리스트(여),정화의 번개,40
프리스트(여),그랜드 크로스 크래쉬,45
프리스트(여),재생의 아리아,45
프리스트(여),크럭스 오브 빅토리아,50
프리스트(여),리펜텐스 스매시,60
프리스트(여),대천사의 축복,70
프리스트(여),우리엘의 결계,75
프리스트(여),미라클 샤인,80
프리스트(여),성창 : 브류나크,85
프리스트(여),크루세이더의 판금 갑옷 마스터리,1
프리스트(여),빛의 은총,15
프리스트(여),계시 : 아리아,15
프리스트(여),계시 : 크루세이드,15
프리스트(여),십자가 마스터리,20
프리스트(여),신실한 열정,48
프리스트(여),고행,50
프리스트(여),치유의 기도 강화,50
프리스트(여),세인트 월 강화,55
프리스트(여),정화의 번개 강화,65
프리스트(여),용맹의 아리아 강화,65
프리스트(여),그랜드 크로스 크래쉬 강화,65
프리스트(여),라파엘의 축복,75
격투가(여),그라운드 킥,35
격투가(여),기본기 숙련 강화,50
격투가(여),그라운드 킥 강화,65
마창사,고대의 기억,15
마창사,다크 엠비션,15
마창사,암흑나선창,20
마창사,다크니스,25
마창사,디스페어,25
마창사,다크 베리얼,30
마창사,스파이럴 러쉬,35
마창사,디퓨젼,35
마창사,다크 스타,40
마창사,흑광폭살,45
마창사,광폭 : 흑화연창,50
마창사,다크 디비젼,60
마창사,바이올런트 피어스,70
마창사,폴링 데스,75
마창사,다크 임펄스,80
마창사,멸광천투,85
마창사,다크 랜서의 가죽 갑옷 마스터리,1
마창사,제국식 투창술,15
마창사,잠식,15
마창사,어둠의 투창 마스터리,20
마창사,마법 백 어택,20
마창사,마법 크리티컬 히트,20
마창사,어둠의 지배자,48
마창사,디스페어 강화,55
마창사,스파이럴 러쉬 강화,55
마창사,다크 스타 강화,65
마창사,흑광폭살 강화,65
마창사,심연에 드리운 어둠,75
마법사(여),스위트 캔디바,25
마법사(여),변이 파리채,25
마법사(여),애시드 클라우드,30
마법사(여),용암지대 생성물약,30
마법사(여),플로레 컬라이더,35
마법사(여),빗자루 스핀,35
마법사(여),성난 불길 가열로,40
마법사(여),반중력 기동장치,40
마법사(여),자폭,40
마법사(여),메가 드릴,45
마법사(여),퓨전 크래프트,50
마법사(여),대왕 파리채,60
마법사(여),저온살균,30
마법사(여),비터스 캔디바,35
마법사(여),성공 예감,48
마법사(여),용암지대 생성물약 강화,55
마법사(여),플로레 컬라이더 강화,65
마법사(여),성난 불길 가열로 강화,65
마법사(여),스위트 캔디바 강화,65
나이트,피니쉬!,10
나이트,파이어 브레스,15
나이트,드래곤 윙,15
나이트,드래곤투스,15
나이트,아스트라 소환,20
나이트,블릿츠 스트라이크,20
나이트,버스트 혼,25
나이트,드래곤 팽,30
나이트,폭음폭식,30
나이트,너클 블래스터,30
나이트,스피닝 레이드,35
나이트,태도 용제무쌍,40
나이트,폭풍의 숨결,45
나이트,울부짖는 뇌광,50
나이트,비룡천상,70
나이트,미티어 버스트,75
나이트,용제출진,80
나이트,종언을 고하는 빛,85
나이트,드래곤스케일 경갑 마스터리,1
나이트,용인의 증거,15
나이트,물리 백 어택,20
나이트,드래곤 브레스,25
나이트,슬레이어,25
나이트,대식가,35
나이트,드래곤포스,48
나이트,파이어 브레스 강화,50
나이트,너클 블래스터 강화,50
나이트,블릿츠 스트라이크 강화,50
나이트,스피닝 레이드 강화,65
나이트,태도 용제무쌍 강화,65
나이트,폭풍의 숨결 강화,65
나이트,계승자,75
나이트,리탈 펀토,10
나이트,무장 해제,15
나이트,퓨리파잉,15
나이트,디바인 실드,20
나이트,포기브니스 강화,50
격투가(여),로킥,5
격투가(여),강권,15
격투가(여),붕권,15
격투가(여),슈퍼아머,20
격투가(여),철산고,25
격투가(여),본 크러셔,25
격투가(여),라이징 너클,35
격투가(여),원인치 펀치,35
격투가(여),라이트닝 댄스,40
격투가(여),비트 드라이브,45
격투가(여),사상최강의 로킥,50
격투가(여),일주연환격,70
격투가(여),호격권,75
격투가(여),무영각,80
격투가(여),극진 : 패황단공권,85
격투가(여),스트라이커의 경갑 마스터리,1
격투가(여),권투글러브 사용 가능,15
격투가(여),물리 백 어택,20
격투가(여),물리 크리티컬 히트,20
격투가(여),급소 지정,30
격투가(여),머슬 시프트,30
격투가(여),스탬피드,48
격투가(여),본 크러셔 강화,55
격투가(여),철산고 강화,55
격투가(여),라이트닝 댄스 강화,65
격투가(여),원인치 펀치 강화,65
격투가(여),리미트 브레이크,75
마창사,파르티잔 슈트,10
마창사,서번트 랜스,15
마창사,버팔로 폴,25
마창사,마나 익스트랙트,25
마창사,서번트 랜스 : 어썰트,25
마창사,날개 꿰기,30
마창사,번 로커스트,35
마창사,램 펜스,35
마창사,페니트레잇 헤드,40
마창사,스케일 그라인더,45
마창사,드래곤 슬레이어,50
마창사,팔티잔 스큐어,60
마창사,어스웜 헌트,70
마창사,광룡분쇄창,75
마창사,데보닝 슬래셔,80
마창사,데스 차지,85
마창사,드래고니안랜서의 중갑 마스터리,1
마창사,헌터즈 무브셋,15
마창사,광창 마스터리,15
마창사,헌터즈 샤프니스,20
마창사,잔류 감각,48
마창사,날개 꿰기 강화,55
마창사,번 로커스트 강화,65
마창사,스케일 그라인더 강화,65
마창사,페니트레잇 헤드 강화,65
마창사,힘의 근원,75
거너(남),특성탄,15
마창사,인듀어,10
마창사,니들러,20
마창사,드릴링 넥,30
프리스트(남),세컨드 어퍼,10
프리스트(남),더킹 어퍼,15
프리스트(남),디바인 크러시,20
프리스트(남),섀도우 박서,35
프리스트(남),더블 섀도우,45
총검사,기본기 숙련 강화,50
총검사,디퓨전 버스트 강화,55
프리스트(남),승천진,20
프리스트(남),광명의 챠크라,20
프리스트(남),어둠 가르기,25
프리스트(남),주작부,25
프리스트(남),마법 크리티컬 히트,20
프리스트(남),메타몰포시스,15
프리스트(남),고통의 희열,15
프리스트(남),데스 사이드,15
프리스트(남),지뢰진,20
프리스트(남),추락하는 영혼,25
프리스트(남),복수의 가시,30
프리스트(남),스피닝 디포메이션,35
프리스트(남),데빌 클러치,40
프리스트(남),리퍼,40
프리스트(남),어둠의 권능,45
프리스트(남),악마화,50
프리스트(남),데몬 배리어,50
프리스트(남),처형,50
프리스트(남),복마전,60
프리스트(남),재앙,70
프리스트(남),다크 하울링,75
프리스트(남),파멸의 강타,80
프리스트(남),언홀리 퓨리,85
프리스트(남),어벤저의 중갑 마스터리,1
프리스트(남),데빌 스트라이커,15
프리스트(남),낫 마스터리,20
프리스트(남),환청,30
프리스트(남),악몽,48
프리스트(남),악마화 강화,50
프리스트(남),데빌 클러치 강화,55
프리스트(남),복수의 가시 강화,55
프리스트(남),리퍼 강화,65
프리스트(남),어둠의 권능 강화,65
프리스트(남),이블 스트라이커,75
귀검사(여),파쇄의 둔기 마스터리,15
귀검사(여),마검발현 강화,55
귀검사(여),승천 강화,55
귀검사(여),비연참 강화,55
나이트,에이션트 보어,15
나이트,장미 갑옷,15
나이트,에이션트 디어,20
나이트,체인러쉬,30
나이트,신뢰의 돌파,70
나이트,체인 스트라이크,75
나이트,자연의 분노,80
나이트,트와일라잇 유니콘,85
나이트,방어 태세,15
나이트,장미 갑옷 강화,55
나이트,엘비쉬 점프 강화,55
나이트,신록의 검 강화,55
나이트,에이션트 디어 강화,55
나이트,런지 에볼루션 강화,65
나이트,용기의 방패,75
프리스트(남),갈!,30
프리스트(남),멸!,30
프리스트(남),낙뢰부,35
프리스트(남),마법 백 어택,20
프리스트(남),승천진 강화,50
프리스트(남),어둠 가르기 강화,55
프리스트(남),공의 식신 - 백호 강화,65
프리스트(남),낙뢰부 강화,65
도적,섀도우컷,5
도적,그림자 이동,15
도적,넥 디바이더,15
도적,섀도우 댄싱,20
도적,홀드업!,20
도적,그림자 유도분신,25
도적,심장 찌르기,25
도적,암살자의 마음가짐,30
도적,나락 떨구기,30
도적,칼날돌풍,35
도적,파이널 디스트럭션,40
도적,암살,45
도적,섀도우댄서의 가죽 마스터리,1
도적,암살기술,15
도적,날카로운 단검,20
귀검사(남),블러드러스트 강화,55
프리스트(남),데몰리션 펀치,70
프리스트(남),핵 펀치,75
프리스트(남),아토믹 쵸퍼,80
프리스트(남),신의 분노,85
프리스트(남),데스블로우,75
거너(여),록 온 서포트,45
거너(여),마법 백 어택,20
거너(여),록 온 서포트 강화,50
도적,절명의 그림자,50
도적,단검투척,60
도적,섀도우 스팅,70
도적,죽음의 연무,75
도적,페이탈 블리츠,80
도적,체인 리액션,85
도적,물리 백 어택,20
도적,배후습격,48
도적,이레이저 강화,50
도적,파이널 디스트럭션 강화,65
도적,칼날돌풍 강화,65
도적,암살 강화,65
도적,베일드 어택,75
격투가(남),피어스,60
격투가(남),흑진광풍,75
격투가(남),오의 : 질풍노도,80
격투가(남),일자전승 : 극의 진천노호,85
격투가(남),로플링 강화,55
격투가(남),브레이크 다운 강화,55
격투가(남),블로우 스트라이크 강화,65
격투가(남),롤링 스파이크 강화,65
격투가(남),와일드 캐넌 스파이크 강화,65
격투가(남),가장 강한 녀석은 누구냐?,75
거너(여),킬 포인트,75
거너(여),블러드 앤 체인,85
거너(여),스타일리쉬,20
거너(여),패스티스트 건,25
거너(여),더블 건호크 강화,65
거너(여),쏘우 블레이드,75
거너(남),투척 마스터리,10
거너(남),멀티 헤드샷 강화,65
마법사(남),연속발사,5
마법사(남),귀설화,10
마법사(남),속성 발동,15
마법사(남),크리스탈 어택,20
마법사(남),파이어로드,25
마법사(남),엘레멘탈 실드,25
마법사(남),마나 폭주,25
마법사(남),암전,30
마법사(남),체인라이트닝,30
마법사(남),아이스 크리스탈 샤워,35
마법사(남),플레임 서클,35
마법사(남),라이트닝 월,40
마법사(남),다크니스 멘틀,40
마법사(남),엘레멘탈 바머의 천 갑옷 마스터리,1
마법사(남),속성 보호,15
마법사(남),원소 폭격,25
격투가(여),에어클러치,60
격투가(여),싸이클론 어택,70
격투가(여),자이언트 스윙,75
격투가(여),토르베지노,80
격투가(여),허리케인 슈퍼 플렉스,85
격투가(여),넥 스냅 강화,55
격투가(여),숄더 태클 강화,55
격투가(여),브레이킹 엘보 강화,55
격투가(여),수플렉스 싸이클론 강화,65
격투가(여),체인 그랩,75
귀검사(여),환검,25
귀검사(여),속성변환 강화,55
격투가(여),파쇄권,60
격투가(여),비트 드라이브 강화,65
나이트,도약,10
나이트,고대의 기억,15
나이트,마법 백 어택,20
나이트,약식소환 : 하트퀸 강화,65
나이트,파이널 어택 강화,65
마법사(여),오토 체이서 강화,65
마법사(남),사상경계의 저편,15
마법사(남),차원 : 액시던트,15
마법사(남),차원 : 실루엣,20
마법사(남),괴리 : 금단의 니알리,20
마법사(남),차원 : 차원광,25
마법사(남),경계망상,25
마법사(남),괴리 : 할리퀸,30
마법사(남),차원 : 칼레이도스코프,30
마법사(남),괴리 : 크로울링 미스트,30
마법사(남),차원 : 시공폭뢰,35
마법사(남),괴리 : 패러사이트 스웜,40
마법사(남),차원 : 포지트론 블래스트,45
마법사(남),괴리 : 형용할 수 없는 공포,50
마법사(남),차원 : 패러다임 디토네이션,60
마법사(남),디멘션워커의 천 갑옷 마스터리,1
마법사(남),오버센스,15
마법사(남),괴리 : 디멘션 할로우,15
마법사(남),결벽증,15
마법사(남),도그마 디바이스,20
마법사(남),운명왜곡,48
프리스트(여),큐어,10
프리스트(여),날벼락부,15
프리스트(여),단죄의 십자가,15
프리스트(여),물리 백 어택,20
격투가(남),뇌격,15
격투가(남),섬보,30
마창사,두더지 사냥,15
마창사,램 펜스 강화,65
격투가(여),사자후,35
격투가(여),마법 백 어택,20
격투가(여),뇌명 : 사나운 빛의 넨수 강화,65
격투가(여),사자후 강화,65
격투가(남),크라우치,10
격투가(남),한놈만 팬다!!,70
격투가(남),기본기 숙련 강화,50
귀검사(여),혈화난무,35
귀검사(여),혈지군무,40
귀검사(여),검마격살,45
귀검사(여),암연검 : 기가 블레이드,50
귀검사(여),역천의 프놈,60
귀검사(여),혈마검,70
귀검사(여),암연격 : 기가슬래쉬,75
귀검사(여),비인외도 : 극,80
귀검사(여),파계검 : 라그나로크,85
귀검사(여),탐욕의 번제,48
귀검사(여),마인의 검세,75
도적,더블 피어스,20
도적,어슬랜트 스파이럴,70
도적,엑조틱 램펀트,75
도적,단검 마스터리,20
총검사,신속 기동,15
총검사,원호 사격,15
총검사,서프라이즈 컷,20
총검사,데드 식스,20
총검사,기습타격,25
총검사,빌 드릴,25
총검사,집중 사격,30
총검사,알파 스트라이크,35
총검사,카라콜,35
총검사,휩쓸기,40
총검사,최후의 일격,45
총검사,블리츠 크리그,50
총검사,히트맨의 경갑 마스터리,1
총검사,C.Q.B Specter 5,15
총검사,B.G 파이어툴,48
총검사,강타,5
총검사,데드리프트,10
총검사,빔 슬래쉬,10
총검사,뒷목 가격,10
총검사,로망 대시,15
총검사,연속 사격,15
총검사,코어 실드,15
총검사,요원의 가죽 마스터리,1
총검사,요원의 전투술,15
프리스트(여),축지성촌,15
프리스트(여),염주 사출,15
프리스트(여),목환자경,15
프리스트(여),구속제압부,20
프리스트(여),신탁의 기원,20
프리스트(여),마혼제령술,25
프리스트(여),심혼흡성부,35
프리스트(여),용의 격노,40
프리스트(여),백팔염주,40
프리스트(여),부동주박진,45
프리스트(여),신탁 : 신룡뇌우제,50
프리스트(여),탈명대염진,70
프리스트(여),마혼부 : 퇴마음양옥,75
프리스트(여),염폭모대주,80
프리스트(여),현신 : 신룡진노,85
프리스트(여),무녀의 천옷 마스터리,1
프리스트(여),법력 강화,30
프리스트(여),신룡의 여의주,48
프리스트(여),날벼락부 강화,50
프리스트(여),마혼제령술 강화,55
프리스트(여),부동주박진 강화,65
프리스트(여),용의 격노 강화,65
프리스트(여),백팔염주 강화,65
프리스트(여),용신의 힘,75
격투가(남),분신,5
격투가(남),호신연격,10
격투가(남),뇌전각,15
격투가(남),나선의 넨,20
격투가(남),역혈기공,20
격투가(남),나선의 넨 : 출,25
격투가(남),뇌명 : 사나운 빛의 넨수,30
격투가(남),나선의 넨 : 주,30
격투가(남),사자후,35
격투가(남),기공장,40
격투가(남),기호지세,45
격투가(남),금뇌호 : 심판의 넨수,50
격투가(남),넨 스피어,60
격투가(남),기공환,70
격투가(남),광풍나선력,75
격투가(남),제황나선격,75
격투가(남),월광대지,80
격투가(남),휘광의 성체,85
격투가(남),넨마스터의 천 갑옷 마스터리,1
격투가(남),넨으로 느낀다,1
격투가(남),빛의 친화,15
격투가(남),마법 크리티컬 히트,20
격투가(남),축염포,20
격투가(남),넨의 극의,48
격투가(남),넨탄 강화,50
격투가(남),뇌명 : 사나운 빛의 넨수 강화,65
격투가(남),기공장 강화,65
격투가(남),사자후 강화,65
격투가(남),나선의 넨 : 주 강화,65
격투가(남),나선흡기,75
프리스트(남),스핀커터,25
프리스트(남),스핀커터 강화,55
프리스트(남),스피닝 디포메이션 강화,55
마법사(남),질풍가도,60
마법사(남),윈드 블래스터 강화,55
마법사(남),대진공 강화,55
나이트,디바인 생츄어리,60
나이트,레트리뷰션 강화,50
나이트,퓨리파잉 강화,50
프리스트(여),큐어 강화,50
귀검사(남),마법 백 어택,20
귀검사(남),귀참 강화,50
귀검사(남),냉기의 사야 강화,65
마창사,앵클 컷,15
마창사,앵클 컷 강화,50
마창사,파동연환창 강화,55
마창사,공아 강화,65
총검사,쌍현참,20
총검사,달빛 가르기,25
총검사,조준 사격,30
총검사,암살 목표,30
총검사,임무 시작,30
총검사,보름달 베기,35
총검사,암월비보,35
총검사,목표 사격,40
총검사,요인 암살,50
총검사,목표 포착,60
총검사,문페이즈,70
총검사,섬멸,80
총검사,월식,85
총검사,이베이전,20
총검사,소태도 마스터리,20
총검사,결의,48
총검사,조준 사격 강화,55
총검사,암월비보 강화,65
총검사,목표 사격 강화,65
총검사,보름달 베기 강화,65
총검사,냉혈,75
마법사(남),블러드 윙,15
마법사(남),물리 백 어택,20
귀검사(여),쉐도우 랜서 강화,55
귀검사(여),쉐도우 퍼펫 강화,55
나이트,약식소환 : 레이지 햇 강화,55
귀검사(남),류심 강화,55
나이트,팬시 트위스트 강화,55
나이트,파성추 강화,55
격투가(여),금강쇄,10
마법사(여),분노의 난타,70
마법사(여),정령소환 : 데드 멀커 강화,55
마법사(여),정령소환 : 글레어린 강화,55
마법사(여),플로레 전기토끼,70
마법사(여),잭프로스트 빙수,75
마법사(여),롤리팝 크러쉬,80
마법사(여),우로보로스,85
마법사(여),도발 인형 : 슈르르 강화,50
마법사(여),변이 파리채 강화,55
마법사(여),반중력 기동장치 강화,65
마법사(여),메가 드릴 강화,65
마법사(여),호문쿨루스,75
마법사(여),현자의 돌,75
거너(여),로보틱스,15
거너(여),G-1 코로나,20
거너(여),Ex-S 바이퍼,25
거너(여),트랜스폼 : G-2 롤링썬더,25
거너(여),트랜스폼 : G-3 랩터,30
거너(여),G 마그네틱,35
거너(여),공중 전폭 메카 : 게일 포스,35
거너(여),스패로우 팩토리,45
거너(여),트랜스 폼 : G-0 배틀로이드,50
거너(여),Ex-S 바이퍼 Zero,70
거너(여),리미트 오버!! ,75
거너(여),프리스비,80
거너(여),고기동 메카 : 볼트 MX,85
거너(여),메카닉의 천 갑옷 마스터리,1
거너(여),트랜스포메이션,25
거너(여),솔라 모듈 시스템,45
거너(여),G 익스텐션,48
거너(여),공중 전폭 메카 : 게일 포스 강화,50
거너(여),바이퍼 강화,55
거너(여),G 로봇 강화,55
거너(여),스패로우 팩토리 강화,65
거너(여),G-오퍼레이터,75
마법사(여),플레임 스트라이크 강화,50
격투가(여),넨탄 강화,50
도적,다크 소울,5
도적,좀비 강령,20
도적,복종하는 사령,20
도적,흑사진,25
도적,어둠의 손톱,25
도적,암흑의 의식,25
도적,망자의 원한,30
도적,야행혼,30
도적,학살의 발라크르 강령,35
도적,발라크르의 야망,40
도적,흡기암경파,40
도적,기요틴,45
도적,리빙데드,45
도적,팬텀스트롬,50
도적,망자의 집념,60
도적,분기암경파,70
도적,블랙 아라크니아,75
도적,익스큐서너 슬래쉬,80
도적,발라크르 현신,85
도적,마법 백 어택,20
도적,흑마법서 : 망자의 혼,30
도적,발라크르의 맹약,40
도적,학살자의 공포,48
도적,커스 스피어 강화,50
도적,다크 소울 강화,55
도적,야행혼 강화,55
도적,니콜라스 강령 강화,55
도적,어둠의 손톱 강화,55
도적,학살의 발라크르 강령 강화,65
도적,발라크르의 야망 강화,65
도적,리빙데드 강화,65
도적,기요틴 강화,65
도적,언홀리 마스터리,75
도적,다이빙 애로우,15
도적,쿠나이 던지기 강화,50
도적,밴디트컷 강화,55
도적,엑셀 스트라이크 강화,65
귀검사(남),도약,10
귀검사(남),블러디 레이브 강화,65
귀검사(남),이면 뒤집기,30
귀검사(남),에쉔 포크 강화,50
귀검사(남),이면 뒤집기 강화,55
격투가(남),마법 백 어택,20
격투가(남),기호지세 강화,65
격투가(남),에어슈타이너 강화,55
프리스트(남),고대의 기억,15
프리스트(남),데빌 스트라이커 강화,55
거너(남),FM-92 스팅어,35
거너(남),양자 폭탄,40
거너(남),X-1 익스트루더,45
프리스트(남),분노의 움켜쥠 강화,50
마법사(남),도약,10
마법사(남),블리자드 스톰 강화,65
귀검사(남),고대의 기억,15
마법사(남),엘레멘탈 캐넌,15
마법사(남),엘레멘탈 레인,45
마법사(남),엘레멘탈 버스터,50
마법사(남),컨센트레이트,60
마법사(남),엘레멘탈 스트라이크,70
마법사(남),엘레멘탈 필드,75
마법사(남),컨버전스 캐넌,80
마법사(남),아마겟돈 스트라이크,85
마법사(남),페이탈 엘레멘트,48
마법사(남),속성 발동 강화,50
마법사(남),플레임 서클 강화,55
마법사(남),파이어로드 강화,55
마법사(남),체인라이트닝 강화,55
마법사(남),암전 강화,55
마법사(남),검은 눈,75
격투가(여),수플렉스 강화,50
격투가(여),로플링 강화,55
격투가(여),와일드 캐넌 스파이크 강화,65
격투가(여),턴 힐,75
프리스트(남),빛의 복수,20
프리스트(남),힐 윈드,45
프리스트(남),빛의 복수 강화,55
격투가(여),크라우치,10
다크나이트,어둠의 광검 마스터리,20
다크나이트,어둠의 대검 마스터리,15
다크나이트,마법 크리티컬 히트,20
다크나이트,다크 볼 강화,55
다크나이트,모멘터리 슬래쉬 강화,65
귀검사(여),분마검,35
귀검사(여),사복검 강화,55
귀검사(여),폭류나선 강화,55
귀검사(여),검마격살 강화,65
귀검사(여),혈지군무 강화,65
귀검사(여),혈화난무 강화,65
귀검사(여),연환격 강화,50
귀검사(여),환검 강화,55
귀검사(여),혈십자검,5
귀검사(여),시륜검,5
귀검사(여),분마검 강화,65
귀검사(여),반격,15
귀검사(여),방검술,20
거너(남),관통탄,30
귀검사(여),이보브 강화 ,55
거너(여),고대의 기억,15
거너(여),로봇 전폭,15
귀검사(여),흡기,20
귀검사(여),발화,25
귀검사(여),발화 강화,55
귀검사(여),양의공 강화,55
귀검사(여),난화검 강화,65
귀검사(여),비상 강화,55
귀검사(남),달빛 베기,15
귀검사(남),만월 달빛 베기,20
귀검사(남),달빛 베기 강화,50
귀검사(여),스카폴드 강화,55
귀검사(남),진공참 강화,55
귀검사(남),파동각인 강화,65
마법사(여),마법 백 어택,20
나이트,천공검 강화,65
프리스트(남),스매셔,1
프리스트(남),공참타,1
프리스트(남),백스텝,1
프리스트(남),퀵 스탠딩,1
프리스트(남),럭키 스트레이트,5
프리스트(남),분노의 움켜쥠,10
프리스트(남),순백의 칼날,15
프리스트(남),승리의 창,20
프리스트(남),빛의 복수,20
프리스트(남),성령의 메이스,20
프리스트(남),크로스 크래쉬,25
프리스트(남),디플렉트 월,30
프리스트(남),합티즘,35
프리스트(남),참회의 망치,40
프리스트(남),정의의 심판,45
프리스트(남),아포칼립스,50
프리스트(남),미러클 스플리터,60
프리스트(남),운명의 창,70
프리스트(남),디바인 플래쉬,75
프리스트(남),홀리 생츄어리,75
프리스트(남),썬더 해머 : 유피테르,80
프리스트(남),디바인 퍼니쉬먼트,85
프리스트(남),기본기 숙련,1
프리스트(남),신의 은총,1
프리스트(남),크루세이더의 판금 갑옷 마스터리,1
프리스트(남),기초 방어구 마스터리,1
프리스트(남),용기의 은총,15
프리스트(남),마법 크리티컬 히트,20
프리스트(남),영혼의 희생,20
프리스트(남),마법 백 어택,20
프리스트(남),컨버전,20
프리스트(남),신념의 오라,48
프리스트(남),기본기 숙련 강화,50
프리스트(남),합티즘 강화,55
프리스트(남),빛의 복수 강화,55
프리스트(남),참회의 망치 강화,65
프리스트(남),정의의 심판 강화,65
